date,description,reference,amount
2026-08-01,ACH DEPOSIT RENT 101 ALVAREZ,RENT-101-08,1450.00
2026-08-03,ACH DEPOSIT RENT 204 CHEN,RENT-204-08,1600.00
2026-08-04,CHECK 5521 GREENSCAPE LANDSCAPING,,-320.00
2026-08-06,ACH DEPOSIT RENT 305 BROOKS,RENT-305-08,1275.00
2026-08-09,ACH PLUMBING SVC CO,INV-8834,-410.50
2026-08-11,ACH DEPOSIT LATE FEE 101,LATE-101-08,50.00
2026-08-21,ACH DEPOSIT RENT 402 PATEL,RENT-402-08,1525.00
2026-08-29,WIRE OUT OWNER DISTRIBUTION,DIST-08,-2500.00
2026-08-30,BANK SERVICE FEE,,-15.00
